{
    "montserrat": {
        "italic": "C:\\laragon\\www\\jwellery\\storage\\fonts\/montserrat_italic_9a283117545b9246f20d56faf2071ead",
        "500_italic": "C:\\laragon\\www\\jwellery\\storage\\fonts\/montserrat_500_italic_a8d93c9bcd6408024258001b80e0033a",
        "600_italic": "C:\\laragon\\www\\jwellery\\storage\\fonts\/montserrat_600_italic_0cee389f6c978f7f2708882291d2fee9",
        "300": "C:\\laragon\\www\\jwellery\\storage\\fonts\/montserrat_300_39b1972e72c43f1f0e368a33cc82c0ce",
        "normal": "C:\\laragon\\www\\jwellery\\storage\\fonts\/montserrat_normal_b74b751c20b429298921949795391ef1",
        "500": "C:\\laragon\\www\\jwellery\\storage\\fonts\/montserrat_500_a34ab50d0b60a015b62e11133b0bf05b",
        "600": "montserrat_600_54346339d706ca965bcbed499d2795db"
    }
}